NV_id,first_name,last_name,email,gender,phone,address,birth_date,user_name,pass_word,role
1,Cassi,Seath,cseath0@nih.gov,Female,705-803-6132,16th Floor,7/13/2023,cseath0,guDWRKR714,Engineer
2,Lolita,Boch,lboch1@huffingtonpost.com,Female,936-928-5583,Apt 1436,7/2/2023,lboch1,bbSCWXX438fHu,Project Manager
3,Dionis,Stolze,dstolze2@netvibes.com,Female,598-212-3960,Suite 72,10/15/2023,dstolze2,lfDVDJD188,Engineer
4,Mellicent,Yakovich,myakovich3@com.com,Female,612-969-8568,Suite 7,1/17/2024,myakovich3,nfULWDQ1103_QS,Engineer
5,Thomasine,Cluley,tcluley4@senate.gov,Female,738-938-8700,Suite 68,7/6/2023,tcluley4,mcWIYMH688,Construction Expeditor
6,Ursala,Boas,uboas5@blogtalkradio.com,Female,547-270-1881,Room 435,10/16/2023,uboas5,poXNPAN374VaArE>,Construction Worker
7,Trey,Hoppner,thoppner6@sbwire.com,Male,642-928-5576,Suite 32,6/24/2023,thoppner6,npUMTBW564Z,Electrician
8,Tonia,McMechan,tmcmechan7@thetimes.co.uk,Female,390-867-5201,Apt 427,10/20/2023,tmcmechan7,ftWVQRS463,Surveyor
9,Johanna,Wastling,jwastling8@pagesperso-orange.fr,Female,619-449-6776,Suite 91,6/7/2023,jwastling8,pfPRMXS542Q.hQsp,Project Manager
10,Gradey,Guilleton,gguilleton9@networkadvertising.org,Male,555-333-1725,PO Box 3840,9/24/2023,gguilleton9,ttHCNPH800,Project Manager
11,Amelia,Blower,ablowera@yandex.ru,Female,977-892-4370,PO Box 73833,1/30/2024,ablowera,kmMGCZI708=T,Architect
12,Adolpho,Bravington,abravingtonb@mashable.com,Male,977-706-4667,Room 990,9/10/2023,abravingtonb,haDZJOL020,Supervisor
13,Darell,Moens,dmoensc@netscape.com,Female,387-641-5381,PO Box 49542,1/27/2024,dmoensc,ulZUMBW613e7,Subcontractor
14,Lucille,Siman,lsimand@china.com.cn,Non-binary,938-981-6178,Suite 68,8/8/2023,lsimand,mpVTFKT4246,Construction Foreman
15,Arleta,Berrey,aberreye@home.pl,Female,541-756-3874,Apt 1650,5/30/2023,aberreye,"exBQGWU263r""wp.C",Estimator
16,Patrice,Phette,pphettef@loc.gov,Genderqueer,797-414-3037,Room 811,3/26/2023,pphettef,bhKASHB540,Construction Manager
17,Alisander,Rothwell,arothwellg@craigslist.org,Male,841-335-2576,Suite 14,7/29/2023,arothwellg,qzFFART945_st`eJ,Engineer
18,Levi,Longhurst,llonghursth@paginegialle.it,Male,740-284-5611,Room 914,5/29/2023,llonghursth,qjZZPKX775OaTN,Supervisor
19,Tristam,Attwoul,tattwouli@aol.com,Male,461-207-1477,Apt 1986,2/23/2024,tattwouli,hpPAGFU695zD7clE,Construction Foreman
20,Lydon,Manhare,lmanharej@bandcamp.com,Male,673-823-4118,Apt 527,10/13/2023,lmanharej,dgDCHTN156$.va,Architect
21,Brett,Folley,bfolleyk@posterous.com,Female,829-830-7375,Suite 53,1/4/2024,bfolleyk,reMWDNA601eg,Engineer
22,Hope,Welling,hwellingl@cloudflare.com,Female,817-939-5700,Room 1021,9/29/2023,hwellingl,itPSPAQ463,Construction Expeditor
23,Demetria,Yeskov,dyeskovm@youku.com,Female,154-467-1971,Suite 79,11/30/2023,dyeskovm,gsKNWRH075,Construction Manager
24,Marten,Plum,mplumn@e-recht24.de,Male,863-876-0517,Room 1018,6/28/2023,mplumn,ewIXDBM398##*0E,Construction Manager
25,Waylin,Duffin,wduffino@theguardian.com,Male,441-695-8006,Apt 363,9/29/2023,wduffino,xfOLYDJ1043,Architect
26,Angy,Simnell,asimnellp@yahoo.com,Female,431-284-4078,Suite 99,5/24/2023,asimnellp,gbTNZAH945,Construction Manager
27,Titus,Drowsfield,tdrowsfieldq@alibaba.com,Male,353-457-9450,Room 606,7/24/2023,tdrowsfieldq,bnVPBPE297,Project Manager
28,Garey,Ondrusek,gondrusekr@comsenz.com,Male,950-190-6815,PO Box 33934,9/22/2023,gondrusekr,ekAYNWK379Ufm,Supervisor
29,Avram,Hinchshaw,ahinchshaws@parallels.com,Male,121-159-9465,Apt 1812,11/8/2023,ahinchshaws,kkFDZEM04452V/k,Project Manager
30,Andonis,O'Cooney,aocooneyt@arstechnica.com,Male,946-421-0105,18th Floor,1/3/2024,aocooneyt,xyDTJFD999,Construction Foreman
31,Brendon,Sline,bslineu@npr.org,Male,815-986-7376,PO Box 95337,3/16/2023,bslineu,ctKVWUW160A5,Engineer
32,Sheilakathryn,Lumley,slumleyv@xrea.com,Female,334-464-2813,Suite 62,9/7/2023,slumleyv,efYZLSZ575,Construction Foreman
33,Charleen,Lomasna,clomasnaw@privacy.gov.au,Female,414-992-2558,PO Box 46970,8/21/2023,clomasnaw,yySRPHM946|(9g,Surveyor
34,Gregg,Ferre,gferrex@g.co,Male,448-804-0367,Apt 821,8/12/2023,gferrex,"mtKLZVE89712Q,Vc",Supervisor
35,Judd,Looby,jloobyy@mozilla.org,Male,807-806-5291,19th Floor,3/1/2023,jloobyy,leHBZGE967Q#kKG,Estimator
36,Roxy,Risso,rrissoz@gnu.org,Female,623-359-1702,Apt 510,12/1/2023,rrissoz,kzOGPZQ5705>r|4,Project Manager
37,Corbin,Godwin,cgodwin10@4shared.com,Male,710-794-2228,Room 585,7/27/2023,cgodwin10,nvRWUUJ112,Project Manager
38,Lolly,Davenhill,ldavenhill11@arizona.edu,Female,467-196-8304,Apt 326,3/15/2023,ldavenhill11,jzAPHFD989,Architect
39,Mervin,Escalero,mescalero12@telegraph.co.uk,Male,672-463-9199,Apt 1293,11/21/2023,mescalero12,umYNZGF500bZ,Supervisor
40,Kordula,Eusden,keusden13@blogtalkradio.com,Female,178-858-7700,Apt 22,7/29/2023,keusden13,kdPMNLH107,Supervisor
41,Joline,Keeler,jkeeler14@yolasite.com,Genderfluid,319-467-6887,PO Box 98724,3/26/2023,jkeeler14,ttNPRWQ910#9?,Project Manager
42,Gifford,Tonbye,gtonbye15@deliciousdays.com,Male,890-434-3904,Apt 1953,10/8/2023,gtonbye15,gxCAPUE859hd`#IK,Estimator
43,Timmi,Piscotti,tpiscotti16@ucla.edu,Female,130-133-4757,11th Floor,11/11/2023,tpiscotti16,uhTYDFN809B<X,Project Manager
44,Husein,Norquoy,hnorquoy17@yahoo.com,Male,766-571-9945,Apt 1067,9/22/2023,hnorquoy17,xaLVVOB704)!Sl,Project Manager
45,Brant,Kirke,bkirke18@dot.gov,Male,804-176-7199,Suite 73,1/31/2024,bkirke18,tgRYHNG729~)W7$,Electrician
46,Letta,Lattka,llattka19@ucsd.edu,Female,853-565-2274,Room 887,3/17/2023,llattka19,qiPPRWZ523,Supervisor
47,Pete,Landrean,plandrean1a@washingtonpost.com,Male,238-364-1197,PO Box 23336,7/7/2023,plandrean1a,foUJTYD932\AzmA>,Construction Worker
48,Fredrick,Witherop,fwitherop1b@ucoz.com,Male,765-529-8145,Apt 119,4/10/2023,fwitherop1b,wmGZHOF492,Architect
49,Barthel,Mellows,bmellows1c@elpais.com,Male,830-943-3062,PO Box 77440,4/7/2023,bmellows1c,ehQPRXB0278B,Project Manager
50,Kalina,Mordy,kmordy1d@hhs.gov,Female,260-129-3089,Suite 52,2/14/2024,kmordy1d,ycDXVFQ308,Electrician
51,Daffy,Hrinishin,dhrinishin1e@behance.net,Female,739-521-5701,19th Floor,8/24/2023,dhrinishin1e,otRLPSZ002,Architect
52,Peyton,Growden,pgrowden1f@histats.com,Male,250-924-8461,2nd Floor,5/3/2023,pgrowden1f,kqRDPXN938=U,Supervisor
53,Luca,Imlock,limlock1g@google.com.hk,Male,233-670-5985,11th Floor,11/10/2023,limlock1g,woZJTWC642nC?,Construction Worker
54,Gretta,Stockle,gstockle1h@ucsd.edu,Female,991-749-3088,12th Floor,5/11/2023,gstockle1h,vaQCFLO084,Supervisor
55,Homerus,Gregs,hgregs1i@e-recht24.de,Male,476-685-1093,PO Box 1619,12/2/2023,hgregs1i,juEXXAQ5870,Supervisor
56,Maryanne,Doram,mdoram1j@edublogs.org,Bigender,445-331-8134,6th Floor,4/27/2023,mdoram1j,vwWZKCP687$rEZd,Subcontractor
57,Yvor,Chagg,ychagg1k@163.com,Male,185-438-9255,Suite 27,8/6/2023,ychagg1k,qaMBMPS887!7&,Construction Worker
58,Creigh,Mundell,cmundell1l@mac.com,Male,793-829-9801,Room 275,2/16/2024,cmundell1l,daNJJVG651,Construction Manager
59,Marsh,De Gouy,mdegouy1m@yahoo.com,Male,585-551-3081,Room 1717,2/20/2024,mdegouy1m,clHMECT137GN,Construction Expeditor
60,Tuckie,Winspurr,twinspurr1n@gmpg.org,Male,767-405-4917,Apt 1267,8/18/2023,twinspurr1n,zfGFAVI056wK%,Engineer
61,Troy,Legg,tlegg1o@delicious.com,Male,511-979-1201,Room 19,2/1/2024,tlegg1o,ydWRCNT260k!75,Construction Worker
62,Margaretha,Mogenot,mmogenot1p@theatlantic.com,Female,986-592-4880,PO Box 39705,8/31/2023,mmogenot1p,dtLDJZW394,Construction Expeditor
63,Codie,Wetwood,cwetwood1q@dot.gov,Female,584-230-5804,Apt 1687,3/27/2023,cwetwood1q,fzNXBNF3666P,Construction Foreman
64,Tarrance,Cumberbatch,tcumberbatch1r@jugem.jp,Bigender,877-770-2596,Apt 1983,4/26/2023,tcumberbatch1r,"otYISRQ722P,/*v8",Construction Worker
65,Dieter,Grzelczyk,dgrzelczyk1s@prnewswire.com,Male,571-205-7860,PO Box 60577,7/20/2023,dgrzelczyk1s,paMEHDI853,Estimator
66,Karrah,Durie,kdurie1t@dailymotion.com,Female,267-901-3078,Apt 1099,6/5/2023,kdurie1t,vtZUQYG022y,Construction Expeditor
67,Romona,Lindley,rlindley1u@google.it,Female,360-645-2999,Room 758,5/14/2023,rlindley1u,icYDXZL584E$5m,Surveyor
68,Jerrilee,Jickles,jjickles1v@about.me,Female,447-785-0654,Apt 1281,1/25/2024,jjickles1v,"iiVVBBK482)$#,",Electrician
69,Freddie,Darleston,fdarleston1w@posterous.com,Male,370-914-4634,Room 1148,12/31/2023,fdarleston1w,lkWIOPG516n,Electrician
70,Xavier,Fere,xfere1x@europa.eu,Male,626-780-5297,Apt 304,4/4/2023,xfere1x,"bhNAFBH161\,u",Engineer
71,Merilyn,Spoors,mspoors1y@msn.com,Female,959-803-1925,Suite 43,11/21/2023,mspoors1y,sxZIYFB289,Estimator
72,Cedric,Le Pine,clepine1z@cam.ac.uk,Genderfluid,518-564-8238,14th Floor,2/20/2024,clepine1z,ndAOKAI2325{v,Architect
73,Dulce,Milham,dmilham20@prweb.com,Female,978-647-0100,Suite 71,5/27/2023,dmilham20,juJTWQI987'R&R,Project Manager
74,Marchall,Coales,mcoales21@myspace.com,Male,312-992-3007,13th Floor,8/7/2023,mcoales21,vqXWHNU402,Construction Foreman
75,Nanette,Ransley,nransley22@washingtonpost.com,Female,569-217-9460,Room 31,11/1/2023,nransley22,fbLIPWR110T+vix,Construction Manager
76,Gayelord,Nitti,gnitti23@apple.com,Male,810-811-2810,2nd Floor,12/16/2023,gnitti23,bkRHYNB087,Architect
77,Scotty,Yakubovics,syakubovics24@irs.gov,Male,193-941-5603,Apt 1826,11/8/2023,syakubovics24,srTGFDO7687%9y?,Architect
78,Wang,Mc Cahey,wmccahey25@gizmodo.com,Male,536-963-2613,Room 742,3/27/2023,wmccahey25,zfLWFPI543g,Electrician
79,Emlyn,Shippard,eshippard26@surveymonkey.com,Male,916-621-4327,10th Floor,8/12/2023,eshippard26,atYXJDW833#U7oUr,Architect
80,Barbara,Parley,bparley27@list-manage.com,Female,649-910-4569,12th Floor,7/19/2023,bparley27,xlCNHEH539c>B,Project Manager
81,Carleen,Mildmott,cmildmott28@sakura.ne.jp,Female,490-194-5124,6th Floor,11/5/2023,cmildmott28,uyNWCXW604,Construction Expeditor
82,Addie,Haulkham,ahaulkham29@photobucket.com,Female,928-806-3779,Room 1649,10/20/2023,ahaulkham29,qxMNZUO541Faaa3H,Supervisor
83,Sharron,MacConnulty,smacconnulty2a@ucoz.ru,Female,740-114-2918,PO Box 66195,5/7/2023,smacconnulty2a,efSDNFJ424_.Ez,Construction Worker
84,Cesar,Freathy,cfreathy2b@google.de,Male,366-139-8588,PO Box 74415,7/7/2023,cfreathy2b,lyRYQDE110sG,Engineer
85,Arlee,Franz-Schoninger,afranzschoninger2c@fema.gov,Female,668-581-6180,Room 1918,3/1/2023,afranzschoninger2c,qpRDFXV657&K&G,Electrician
86,Rudiger,Shedden,rshedden2d@mayoclinic.com,Genderfluid,181-287-2945,13th Floor,3/5/2023,rshedden2d,pmFDMIK089$&2Y`K,Architect
87,Dionis,Piddlesden,dpiddlesden2e@hubpages.com,Female,828-595-2333,Room 1496,11/23/2023,dpiddlesden2e,biVJSWX251,Subcontractor
88,Hillard,Hext,hhext2f@csmonitor.com,Male,392-660-8601,PO Box 91553,1/4/2024,hhext2f,hxMHUIN724,Construction Foreman
89,Lorrayne,Duer,lduer2g@last.fm,Genderqueer,421-553-0616,Apt 1731,2/21/2024,lduer2g,qxRQDYO315,Engineer
90,Forest,Towne,ftowne2h@wordpress.com,Male,189-553-9699,Apt 854,4/2/2023,ftowne2h,joICONM563xl~D&,Electrician
91,Joelynn,Gornar,jgornar2i@furl.net,Female,586-663-1482,Suite 35,12/21/2023,jgornar2i,tyQSPED352<ft6N,Supervisor
92,Antony,Davydychev,adavydychev2j@fotki.com,Male,619-987-6704,19th Floor,2/28/2023,adavydychev2j,rnLTEQL736Qe,Supervisor
93,Patin,Portis,pportis2k@berkeley.edu,Male,900-389-8838,Room 1283,7/26/2023,pportis2k,ztXBEWW570~56dB,Construction Foreman
94,Garth,Hirsch,ghirsch2l@bloomberg.com,Male,378-390-7920,PO Box 57033,6/26/2023,ghirsch2l,"nxHOYIE510c,`1=",Construction Worker
95,Babbie,Sinnie,bsinnie2m@nyu.edu,Female,596-807-5806,11th Floor,5/15/2023,bsinnie2m,ceLOOXR250B,Architect
96,Bride,Vannuccinii,bvannuccinii2n@imdb.com,Female,923-160-6676,PO Box 86354,4/9/2023,bvannuccinii2n,ryMPDNJ459SV/,Electrician
97,Berti,Raffeorty,braffeorty2o@hibu.com,Genderfluid,827-746-8331,Room 1505,10/27/2023,braffeorty2o,wfTMFBK729,Construction Expeditor
98,Nedi,Raw,nraw2p@microsoft.com,Female,502-603-6110,PO Box 28061,7/7/2023,nraw2p,veOLHNF866oP}<,Construction Worker
99,Angelo,Pail,apail2q@weebly.com,Male,490-461-5046,Suite 97,3/17/2023,apail2q,vzHCMTO1844=>5<,Architect
100,Rogers,De-Ville,rdeville2r@state.tx.us,Male,670-156-0032,11th Floor,4/4/2023,rdeville2r,mwNYTEY102fv,Engineer
